{
  "historical_average": {
    "val_mae": 1539.4219105224447,
    "val_rmse": 2259.20606134631,
    "val_mape": 70.37973885555108,
    "val_r2": -0.7077445697699345,
    "test_mae": 1374.94311715487,
    "test_rmse": 2859.1484115066423,
    "test_mape": 48.96606883458779,
    "test_r2": -0.15773350979626333
  },
  "last_value": {
    "val_mae": 1132.5020122623175,
    "val_rmse": 1902.8858067107062,
    "val_mape": 72.95373327675023,
    "val_r2": -0.21153698778629315,
    "test_mae": 1286.8734030864505,
    "test_rmse": 2686.60651287385,
    "test_mape": 62.916037442229275,
    "test_r2": -0.022217548001824294
  },
  "moving_average_30": {
    "val_mae": 1237.3600472192722,
    "val_rmse": 2007.4739211745227,
    "val_mape": 70.32704219995087,
    "val_r2": -0.3483761066370821,
    "test_mae": 1287.6519164627343,
    "test_rmse": 2728.9276027541573,
    "test_mape": 56.64700637037156,
    "test_r2": -0.05467641415318947
  },
  "seasonal_naive": {
    "val_mae": 1965.3582506161215,
    "val_rmse": 2594.8927368057743,
    "val_mape": 76.14789766693299,
    "val_r2": -1.2529421735929875,
    "test_mae": 1604.932844329022,
    "test_rmse": 3069.2852352423824,
    "test_mape": 49.33736376084452,
    "test_r2": -0.33416549976486176
  },
  "xgboost": {
    "val_mae": 65.79484224256439,
    "val_rmse": 148.33114022316155,
    "val_mape": 3.2185194406862396,
    "val_r2": 0.992638337649411,
    "test_mae": 69.08861605356537,
    "test_rmse": 873.8439457478838,
    "test_mape": 2.3835547218463167,
    "test_r2": 0.8918558655839659
  },
  "lightgbm": {
    "val_mae": 84.40103967187746,
    "val_rmse": 206.8592317377266,
    "val_mape": 3.504795788168638,
    "val_r2": 0.9856827028476347,
    "test_mae": 88.81136122984152,
    "test_rmse": 888.3210662906765,
    "test_mape": 3.1395715897369394,
    "test_r2": 0.8882428987893651
  },
  "feedforward": {
    "val_mae": 173.35466939527205,
    "val_rmse": 279.5622419536345,
    "val_mape": 22.575711068072327,
    "val_r2": 0.9738502071297199,
    "test_mae": 151.01526075449942,
    "test_rmse": 330.2528219195461,
    "test_mape": 8.089222262312115,
    "test_r2": 0.9845535643301748
  },
  "lstm": {
    "val_mae": 210.9411462557778,
    "val_rmse": 379.5540102770071,
    "val_mape": 17.290848377327713,
    "val_r2": 0.9517987398022676,
    "test_mae": 147.56235331017888,
    "test_rmse": 854.0527607287088,
    "test_mape": 5.367506551010821,
    "test_r2": 0.8966989805811413
  },
  "gru": {
    "val_mae": 84.33887562860744,
    "val_rmse": 168.73706091555337,
    "val_mape": 9.157419068515201,
    "val_r2": 0.9904735260461651,
    "test_mae": 70.64535283272045,
    "test_rmse": 246.99131304333582,
    "test_mape": 2.784043642497167,
    "test_r2": 0.991360301972304
  },
  "ensemble_avg": {
    "val_mae": 70.09602739002692,
    "val_rmse": 143.56407554295112,
    "val_mape": 9.337706911289631,
    "val_r2": 0.993103912213497,
    "test_mae": 60.33031605369202,
    "test_rmse": 491.10418121831304,
    "test_mape": 2.726008433272627,
    "test_r2": 0.9658427837732975
  },
  "ensemble_weighted": {
    "val_mae": 60.17453812320311,
    "val_rmse": 123.90594626353486,
    "val_mape": 6.954261299167729,
    "val_r2": 0.9948631661191514,
    "test_mae": 54.01528460522959,
    "test_rmse": 544.330986758231,
    "test_mape": 2.206630364171778,
    "test_r2": 0.9580375031947429
  }
}