{
  "total_combinations": 533,
  "trained_models": 533,
  "failed_models": 0,
  "average_r2": NaN,
  "average_mape": 6.834853670246742,
  "training_date": "2025-11-24T00:27:10.056899"
}